{
    "toronto": [
        [
            43.6534817,
            -79.3839347
        ],
        [
            [
                22.216250000000002,
                22.1375,
                20.7875,
                19.275
            ],
            [
                false,
                false,
                false,
                true
            ],
            [
                false,
                false,
                false,
                true
            ]
        ]
    ],
    "yellowknife": [
        [
            62.4540807,
            -114.377385
        ],
        [
            [
                12.665,
                11.395,
                10.792499999999999,
                11.66125
            ],
            [
                false,
                true,
                false,
                false
            ],
            [
                false,
                true,
                false,
                false
            ]
        ]
    ]
}